{"nodes":{"node:844":{"location":{"x":-142,"y":70}},"node:850":{"location":{"x":-132,"y":186}}},"selection":null,"view":{"scroll":{"x":-152.660064697265625,"y":-203.389480590820312},"visible_rect":{"max":{"x":1705.9998779296875,"y":686.429443359375},"min":{"x":-229.9998779296875,"y":-306.4295654296875}},"zoom":0.66373974084854126}}