{"nodes":{"node:480":{"location":{"x":-126,"y":-74}},"node:486":{"location":{"x":-132,"y":10}},"node:503":{"location":{"x":76,"y":218}},"node:529":{"location":{"x":140,"y":10}},"node:555":{"location":{"x":506,"y":-20}},"node:563":{"location":{"x":408,"y":202}}},"selection":null,"view":{"scroll":{"x":-159.365982055664062,"y":-111.492469787597656},"visible_rect":{"max":{"x":1130.7584228515625,"y":550},"min":{"x":-160.09149169921875,"y":-112.000038146972656}},"zoom":0.995468199253082275}}