{"nodes":{"node:426":{"location":{"x":0,"y":0}},"node:432":{"location":{"x":12,"y":150}},"node:449":{"location":{"x":732,"y":166}},"node:475":{"location":{"x":492,"y":314}},"node:501":{"location":{"x":298,"y":156}},"node:509":{"location":{"x":552,"y":58}}},"selection":null,"view":{"scroll":{"x":-146.666595458984375,"y":-112.000015258789062},"visible_rect":{"max":{"x":1117.3333740234375,"y":550},"min":{"x":-146.666595458984375,"y":-112.000015258789062}},"zoom":1}}