{"nodes":{"node:1969":{"location":{"x":-222,"y":38}},"node:1975":{"location":{"x":-180,"y":-166}},"node:1986":{"location":{"x":412,"y":174}},"node:2007":{"location":{"x":93,"y":30}},"node:2038":{"location":{"x":431,"y":-6}},"node:2069":{"location":{"x":844,"y":10}},"node:2085":{"location":{"x":892,"y":182}}},"selection":null,"view":{"scroll":{"x":-72.326171875,"y":-316.080810546875},"visible_rect":{"max":{"x":1184.673828125,"y":342.919189453125},"min":{"x":-72.326171875,"y":-316.080810546875}},"zoom":1}}