{"nodes":{"node:844":{"location":{"x":82,"y":198}},"node:850":{"location":{"x":76,"y":294}}},"selection":null,"view":{"scroll":{"x":46.127471923828125,"y":56.2291259765625},"visible_rect":{"max":{"x":1331.12744140625,"y":715.2291259765625},"min":{"x":46.127471923828125,"y":56.2291259765625}},"zoom":1}}