{"nodes":{"node:1747":{"location":{"x":0,"y":0}},"node:1753":{"location":{"x":0,"y":0}},"node:1764":{"location":{"x":517,"y":41}}},"selection":null,"view":{"scroll":{"x":-367.14788818359375,"y":-211.784393310546875},"visible_rect":{"max":{"x":917.85211181640625,"y":447.215606689453125},"min":{"x":-367.14788818359375,"y":-211.784393310546875}},"zoom":1}}