{"nodes":{"node:2442":{"location":{"x":0,"y":0}},"node:2448":{"location":{"x":0,"y":0}},"node:2459":{"location":{"x":108,"y":348}},"node:2470":{"location":{"x":210,"y":492}},"node:2481":{"location":{"x":-203,"y":-54}},"node:2497":{"location":{"x":147,"y":412}},"node:2513":{"location":{"x":684,"y":294}},"node:2529":{"location":{"x":1908,"y":-646}},"node:2545":{"location":{"x":781,"y":-598}},"node:2576":{"location":{"x":483,"y":416}},"node:2592":{"location":{"x":-203,"y":294}},"node:2608":{"location":{"x":1537,"y":-598}},"node:2629":{"location":{"x":76,"y":0}},"node:2640":{"location":{"x":1396,"y":58}},"node:2656":{"location":{"x":652,"y":-54}},"node:2672":{"location":{"x":115,"y":64}},"node:2688":{"location":{"x":178,"y":144}},"node:2699":{"location":{"x":451,"y":68}},"node:2715":{"location":{"x":1020,"y":-54}},"node:2746":{"location":{"x":1036,"y":294}},"node:2767":{"location":{"x":-190,"y":-454}},"node:2778":{"location":{"x":1068,"y":-242}},"node:2799":{"location":{"x":1414,"y":-170}},"node:2820":{"location":{"x":147,"y":-628}},"node:2836":{"location":{"x":436,"y":-582}},"node:2852":{"location":{"x":1148,"y":-598}},"node:2878":{"location":{"x":108,"y":-372}},"node:2889":{"location":{"x":339,"y":-324}},"node:2905":{"location":{"x":1908,"y":-490}},"node:2921":{"location":{"x":1156,"y":-442}},"node:2937":{"location":{"x":-190,"y":-666}},"node:2948":{"location":{"x":260,"y":-730}},"node:2964":{"location":{"x":2,"y":-548}}},"selection":null,"view":{"scroll":{"x":595.9891357421875,"y":-669.53350830078125},"visible_rect":{"max":{"x":1880.9891357421875,"y":-10.53350830078125},"min":{"x":595.9891357421875,"y":-669.53350830078125}},"zoom":1}}