{"nodes":{"node:1456":{"location":{"x":0,"y":0}},"node:1462":{"location":{"x":0,"y":0}},"node:1473":{"location":{"x":-324,"y":154}},"node:1484":{"location":{"x":884,"y":-294}},"node:1505":{"location":{"x":1170,"y":202}},"node:1526":{"location":{"x":-52,"y":-166}},"node:1547":{"location":{"x":-334,"y":-298}},"node:1553":{"location":{"x":-52,"y":-294}},"node:15568":{"location":{"x":2,"y":350}},"node:1574":{"location":{"x":-302,"y":278}},"node:1585":{"location":{"x":260,"y":-294}},"node:1606":{"location":{"x":258,"y":-166}},"node:1627":{"location":{"x":572,"y":-294}},"node:1648":{"location":{"x":572,"y":-166}},"node:1669":{"location":{"x":882,"y":-166}},"node:1690":{"location":{"x":-324,"y":-18}},"node:1711":{"location":{"x":-20,"y":-18}},"node:1732":{"location":{"x":274,"y":-18}},"node:1753":{"location":{"x":588,"y":-18}},"node:1774":{"location":{"x":-627,"y":278}},"node:1785":{"location":{"x":12,"y":542}},"node:1806":{"location":{"x":12,"y":682}},"node:1827":{"location":{"x":-4,"y":198}},"node:1853":{"location":{"x":802,"y":202}},"node:1884":{"location":{"x":2,"y":118}},"node:1895":{"location":{"x":348,"y":202}},"node:1931":{"location":{"x":-302,"y":358}}},"selection":null,"view":{"scroll":{"x":-650.62493896484375,"y":-312.772796630859375},"visible_rect":{"max":{"x":1632.4256591796875,"y":904.6500244140625},"min":{"x":-833.4256591796875,"y":-400.649993896484375}},"zoom":0.780663430690765381}}