{"nodes":{"node:2038":{"location":{"x":-126,"y":-106}},"node:2044":{"location":{"x":-52,"y":-294}}},"selection":null,"view":{"scroll":{"x":-1564.4903564453125,"y":-525.7496337890625},"visible_rect":{"max":{"x":480.679595947265625,"y":657.667236328125},"min":{"x":-2085.9873046875,"y":-700.99957275390625}},"zoom":0.749999880790710449}}