{"nodes":{"node:844":{"location":{"x":82,"y":198}},"node:850":{"location":{"x":76,"y":294}}},"selection":null,"view":{"scroll":{"x":31.8040332794189453,"y":48.2059288024902344},"visible_rect":{"max":{"x":1344.775634765625,"y":722.2283935546875},"min":{"x":32.4796142578125,"y":49.22991943359375}},"zoom":0.979199826717376709}}