{"nodes":{"node:2081":{"location":{"x":0,"y":0}},"node:2087":{"location":{"x":0,"y":0}},"node:2098":{"location":{"x":108,"y":220}},"node:2109":{"location":{"x":-203,"y":166}},"node:2125":{"location":{"x":-203,"y":-182}},"node:2141":{"location":{"x":210,"y":364}},"node:2152":{"location":{"x":1396,"y":-70}},"node:2168":{"location":{"x":147,"y":284}},"node:2184":{"location":{"x":684,"y":166}},"node:2200":{"location":{"x":483,"y":288}},"node:2216":{"location":{"x":76,"y":-128}},"node:2227":{"location":{"x":652,"y":-182}},"node:2243":{"location":{"x":115,"y":-64}},"node:2259":{"location":{"x":178,"y":16}},"node:2270":{"location":{"x":451,"y":-60}},"node:2286":{"location":{"x":1020,"y":-182}},"node:2317":{"location":{"x":1036,"y":166}},"node:2338":{"location":{"x":-190,"y":-454}},"node:2349":{"location":{"x":1414,"y":-298}},"node:2370":{"location":{"x":524,"y":-454}},"node:2386":{"location":{"x":108,"y":-372}},"node:2397":{"location":{"x":339,"y":-324}},"node:2413":{"location":{"x":1068,"y":-370}}},"selection":null,"view":{"scroll":{"x":-261.54736328125,"y":-499.0606689453125},"visible_rect":{"max":{"x":1793.050048828125,"y":520.71160888671875},"min":{"x":-298.049957275390625,"y":-568.71160888671875}},"zoom":0.877528548240661621}}