{"nodes":{"node:1493":{"location":{"x":0,"y":0}},"node:1499":{"location":{"x":0,"y":0}},"node:1510":{"location":{"x":-542,"y":342}},"node:1516":{"location":{"x":380,"y":-18}},"node:1537":{"location":{"x":-548,"y":-214}},"node:1548":{"location":{"x":-542,"y":-106}},"node:1559":{"location":{"x":34,"y":-146}},"node:1585":{"location":{"x":-238,"y":182}},"node:1596":{"location":{"x":-542,"y":-10}},"node:1617":{"location":{"x":790,"y":406}},"node:1638":{"location":{"x":172,"y":606}},"node:1649":{"location":{"x":-132,"y":414}},"node:1670":{"location":{"x":-132,"y":318}},"node:1681":{"location":{"x":444,"y":278}}},"selection":["node:1617","node:1638","node:1649","node:1670","node:1681"],"view":{"scroll":{"x":-724.3582763671875,"y":-283.4986572265625},"visible_rect":{"max":{"x":1698.9144287109375,"y":1137.8829345703125},"min":{"x":-2195.025146484375,"y":-859.0869140625}},"zoom":0.329999983310699463}}