{"nodes":{"node:876":{"location":{"x":-542,"y":342}},"node:882":{"location":{"x":-548,"y":-214}},"node:893":{"location":{"x":-542,"y":342}},"node:899":{"location":{"x":380,"y":-18}},"node:920":{"location":{"x":-548,"y":-214}},"node:931":{"location":{"x":-542,"y":-106}},"node:942":{"location":{"x":34,"y":-146}},"node:968":{"location":{"x":-238,"y":182}},"node:979":{"location":{"x":-542,"y":-10}}},"selection":null,"view":{"scroll":{"x":-603.2313232421875,"y":-243.822860717773438},"visible_rect":{"max":{"x":763.91204833984375,"y":465.20001220703125},"min":{"x":-675.91204833984375,"y":-273.20001220703125}},"zoom":0.892470180988311768}}